{"stats":{"minecraft:crafted":{"minecraft:wooden_sword":1,"minecraft:stick":4,"minecraft:birch_planks":20},"minecraft:custom":{"minecraft:interact_with_furnace":2,"minecraft:time_since_rest":245571,"minecraft:sprint_one_cm":114310,"minecraft:damage_taken":2060,"minecraft:walk_one_cm":311985,"minecraft:mob_kills":4,"minecraft:drop":15,"minecraft:damage_dealt":410,"minecraft:interact_with_crafting_table":4,"minecraft:fly_one_cm":2069233,"minecraft:open_chest":4,"minecraft:crouch_one_cm":15398,"minecraft:play_time":281795,"minecraft:deaths":1,"minecraft:sneak_time":20523,"minecraft:jump":778,"minecraft:leave_game":5,"minecraft:time_since_death":245541,"minecraft:climb_one_cm":5198,"minecraft:total_world_time":281795,"minecraft:fall_one_cm":22317},"minecraft:dropped":{"nexus:nexustabicon":2,"minecraft:dirt":1,"minecraft:bricks":1,"minecraft:stone":1,"minecraft:porkchop":1,"minecraft:oak_log":1,"minecraft:smooth_stone_slab":1,"minecraft:dark_oak_sapling":1,"minecraft:cobblestone":1,"minecraft:oak_planks":1,"nexus:nexussappling":1,"minecraft:glass":1,"minecraft:dirt_path":1,"nexus:nexus_tree_slab":1},"minecraft:picked_up":{"minecraft:birch_log":5,"minecraft:dark_oak_sapling":2,"minecraft:stick":3,"nexus:nexustabicon":2,"minecraft:porkchop":3,"nexus:nexus_tree_slab":1,"minecraft:dirt":2,"minecraft:wooden_sword":1,"nexus:nexus_tree_planks":18,"minecraft:mutton":1,"minecraft:white_wool":12,"nexus:nexussappling":1},"minecraft:mined":{"minecraft:birch_log":5,"minecraft:birch_leaves":2,"minecraft:short_grass":1,"minecraft:grass_block":1,"minecraft:dirt":1},"minecraft:used":{"minecraft:warped_stem":972,"minecraft:sea_lantern":92,"nexus:nexus_tree_slab":472,"minecraft:warped_trapdoor":84,"minecraft:dirt_path":19,"nexus:nexus_tree_leaves":206,"nexus:nexus_tree_planks":664,"minecraft:oak_stairs":56,"minecraft:grass_block":27,"minecraft:ladder":30,"minecraft:oak_planks":106,"minecraft:chest":6,"minecraft:deepslate":2,"nexus:nexusrift_spawn_egg":1,"nexus:nexus_tree_wood":43,"minecraft:oak_door":1,"minecraft:debug_stick":67,"minecraft:cobblestone":1181,"minecraft:glowstone":3,"minecraft:wooden_sword":10,"minecraft:dirt":2,"minecraft:mutton":1,"nexus:nexus_tree_log":1348,"minecraft:crafting_table":4,"minecraft:furnace":2,"minecraft:porkchop":1,"minecraft:chain":5,"minecraft:dark_oak_sapling":1,"minecraft:light_blue_stained_glass_pane":21,"nexus:nexus_tree_fence":227,"minecraft:light_blue_stained_glass":123,"nexus:nexus_tree_stairs":1073,"minecraft:glass":25,"minecraft:soul_torch":21,"minecraft:water_bucket":1},"minecraft:killed":{"minecraft:sheep":1,"minecraft:zombie":1,"minecraft:pig":2}},"DataVersion":3700}