{"stats":{"minecraft:mined":{"nexus:nexus_tree_leaves":2},"minecraft:used":{"minecraft:oak_trapdoor":5,"minecraft:crimson_stem":2,"nexus:nexus_tree_stairs":92,"minecraft:glass":3,"minecraft:warped_stem":565,"minecraft:lever":1,"minecraft:sea_lantern":231,"nexus:nexus_tree_slab":216,"nexus:nexussappling":2,"minecraft:warped_trapdoor":25,"minecraft:command_block":2,"minecraft:warped_hyphae":11,"nexus:nexus_tree_planks":975,"minecraft:grass_block":75,"nexus:nexus_tree_leaves":33,"minecraft:redstone":3,"minecraft:chest":13,"minecraft:red_mushroom_block":1,"nexus:nexusrift_spawn_egg":1,"nexus:nexus_tree_wood":7,"minecraft:structure_block":37,"minecraft:oak_leaves":2,"minecraft:debug_stick":66,"minecraft:cobblestone":650,"minecraft:dirt":1,"minecraft:anvil":1,"nexus:nexus_tree_log":459,"minecraft:warped_door":11,"minecraft:chain":20,"minecraft:smooth_stone_slab":2,"minecraft:repeating_command_block":2,"nexus:nexus_tree_fence":42,"minecraft:light_blue_stained_glass":81},"minecraft:custom":{"minecraft:time_since_rest":531883,"minecraft:interact_with_furnace":2,"minecraft:sprint_one_cm":99562,"minecraft:walk_one_cm":107996,"minecraft:interact_with_anvil":1,"minecraft:drop":110,"minecraft:swim_one_cm":1857,"minecraft:interact_with_crafting_table":1,"minecraft:fly_one_cm":1987380,"minecraft:open_chest":11,"minecraft:crouch_one_cm":6541,"minecraft:play_time":531883,"minecraft:sneak_time":18431,"minecraft:walk_under_water_one_cm":1649,"minecraft:jump":420,"minecraft:leave_game":6,"minecraft:walk_on_water_one_cm":3010,"minecraft:time_since_death":531883,"minecraft:climb_one_cm":1058,"minecraft:total_world_time":531883},"minecraft:dropped":{"nexus:nexustabicon":3,"minecraft:warped_stem":77,"minecraft:cobblestone":1,"minecraft:chain":1,"nexus:nexus_tree_log":5,"nexus:nexus_tree_planks":18,"minecraft:warped_door":1,"minecraft:grass_block":1,"nexus:nexus_tree_fence":1,"nexus:nexus_tree_stairs":1,"minecraft:warped_trapdoor":1},"minecraft:picked_up":{"nexus:nexustabicon":3,"nexus:nexus_tree_fence":1,"minecraft:warped_trapdoor":1,"minecraft:chain":1,"minecraft:grass_block":1,"minecraft:warped_door":1,"nexus:nexus_tree_stairs":1,"nexus:nexus_tree_log":4,"minecraft:warped_stem":57,"nexus:nexus_tree_leaves":2,"minecraft:oak_leaves":1}},"DataVersion":3700}